filename,fill
1_23-11-2021_02-36-28_PM.png,0
2_23-11-2021_02-36-28_PM.png,0
3_23-11-2021_03-48-02_PM.png,0
4_23-11-2021_03-48-02_PM.png,0
5_23-11-2021_07-22-30_PM.png,0
6_23-11-2021_07-22-30_PM.png,0
7_23-11-2021_07-40-28_PM.png,0
8_23-11-2021_07-40-28_PM.png,0
9_23-11-2021_08-33-54_PM.png,0
10_23-11-2021_08-33-54_PM.png,0
11_23-11-2021_08-51-42_PM.png,0
12_23-11-2021_08-51-42_PM.png,0
13_24-11-2021_02-23-45_PM.png,0
14_24-11-2021_02-23-45_PM.png,0
15_24-11-2021_02-30-41_AM.png,0
16_24-11-2021_02-30-41_AM.png,0
17_24-11-2021_02-48-25_AM.png,0
18_24-11-2021_02-48-25_AM.png,0
19_24-11-2021_03-16-56_PM.png,0
20_24-11-2021_03-16-56_PM.png,0
21_24-11-2021_03-59-43_AM.png,0
22_24-11-2021_03-59-43_AM.png,0
23_24-11-2021_04-17-33_AM.png,0
24_24-11-2021_04-17-33_AM.png,0
25_24-11-2021_04-46-00_PM.png,0
26_24-11-2021_04-46-00_PM.png,0
27_24-11-2021_05-11-08_AM.png,0
28_24-11-2021_05-11-08_AM.png,0
29_24-11-2021_06-40-16_AM.png,0
30_24-11-2021_06-40-16_AM.png,0
31_24-11-2021_06-58-08_AM.png,0
32_24-11-2021_06-58-08_AM.png,0
33_24-11-2021_07-26-03_PM.png,0
34_24-11-2021_07-26-03_PM.png,0
35_24-11-2021_07-51-37_AM.png,0
36_24-11-2021_07-51-37_AM.png,0
37_24-11-2021_08-27-23_AM.png,0
38_24-11-2021_08-27-23_AM.png,0
39_24-11-2021_09-56-20_AM.png,0
40_24-11-2021_09-56-20_AM.png,0
41_24-11-2021_10-42-13_PM.png,0
42_24-11-2021_10-42-13_PM.png,0
43_24-11-2021_11-00-03_PM.png,0
44_24-11-2021_11-00-03_PM.png,0
45_24-11-2021_11-25-22_AM.png,0
46_24-11-2021_11-25-22_AM.png,0
47_24-11-2021_11-43-12_AM.png,0
48_24-11-2021_11-43-12_AM.png,0
49_24-11-2021_11-53-29_PM.png,0
50_24-11-2021_11-53-29_PM.png,0
51_24-11-2021_12-54-33_PM.png,0
52_24-11-2021_12-54-33_PM.png,0
53_25-11-2021_01-36-08_PM.png,0
54_25-11-2021_01-36-08_PM.png,0
55_25-11-2021_01-54-03_PM.png,0
56_25-11-2021_01-54-03_PM.png,0
57_25-11-2021_02-47-43_PM.png,0
58_25-11-2021_02-47-43_PM.png,0
59_25-11-2021_04-33-14_PM.png,0
60_25-11-2021_04-33-14_PM.png,0
61_25-11-2021_05-09-02_PM.png,0
62_25-11-2021_05-09-02_PM.png,0
63_25-11-2021_05-44-58_PM.png,0
64_25-11-2021_05-44-58_PM.png,0
65_25-11-2021_07-02-18_AM.png,0
66_25-11-2021_07-02-18_AM.png,0
67_25-11-2021_07-32-07_PM.png,0
68_25-11-2021_07-32-07_PM.png,0
69_25-11-2021_09-07-41_AM.png,0
70_25-11-2021_09-07-41_AM.png,0
71_25-11-2021_09-19-35_PM.png,0
72_25-11-2021_09-19-35_PM.png,0
73_25-11-2021_09-43-35_AM.png,0
74_25-11-2021_09-43-35_AM.png,0
75_25-11-2021_10-31-14_PM.png,0
76_25-11-2021_10-31-14_PM.png,0
77_25-11-2021_11-13-10_AM.png,0
78_25-11-2021_11-13-10_AM.png,0
79_26-11-2021_01-29-57_AM.png,0
80_26-11-2021_01-29-57_AM.png,0
81_26-11-2021_02-59-18_AM.png,0
82_26-11-2021_02-59-18_AM.png,0
83_26-11-2021_03-35-10_AM.png,0
84_26-11-2021_03-35-10_AM.png,0
85_26-11-2021_05-04-10_AM.png,0
86_26-11-2021_05-04-10_AM.png,0
87_26-11-2021_05-58-09_AM.png,0
88_26-11-2021_05-58-09_AM.png,0
89_26-11-2021_06-51-55_AM.png,0
90_26-11-2021_06-51-55_AM.png,0
91_26-11-2021_08-21-30_AM.png,0
92_26-11-2021_08-21-30_AM.png,0
93_26-11-2021_08-39-22_AM.png,0
94_26-11-2021_08-39-22_AM.png,0
95_26-11-2021_10-09-00_AM.png,0
96_26-11-2021_10-09-00_AM.png,0
97_26-11-2021_11-11-21_AM.png,0
98_26-11-2021_11-11-21_AM.png,0
99_26-11-2021_12-18-39_AM.png,0
100_26-11-2021_12-18-39_AM.png,0
101_23-11-2021_06-11-12_PM.png,0
102_23-11-2021_06-11-12_PM.png,0
103_23-11-2021_06-11-12_PM.png,1
104_23-11-2021_06-11-12_PM.png,0
105_23-11-2021_06-11-12_PM.png,0
106_23-11-2021_06-29-02_PM.png,1
107_23-11-2021_06-29-02_PM.png,0
108_23-11-2021_06-29-02_PM.png,0
109_23-11-2021_06-29-02_PM.png,0
110_23-11-2021_06-29-02_PM.png,0
111_23-11-2021_07-22-35_PM.png,1
112_23-11-2021_07-22-35_PM.png,0
113_23-11-2021_07-22-35_PM.png,0
114_23-11-2021_07-22-35_PM.png,0
115_23-11-2021_07-22-35_PM.png,0
116_23-11-2021_08-51-45_PM.png,0
117_23-11-2021_08-51-45_PM.png,0
118_23-11-2021_08-51-45_PM.png,0
119_23-11-2021_08-51-45_PM.png,1
120_23-11-2021_08-51-45_PM.png,0
121_23-11-2021_09-09-32_PM.png,1
122_23-11-2021_09-09-32_PM.png,0
123_23-11-2021_09-09-32_PM.png,0
124_23-11-2021_09-09-32_PM.png,0
125_23-11-2021_09-09-32_PM.png,0
126_23-11-2021_11-50-02_PM.png,1
127_23-11-2021_11-50-02_PM.png,0
128_23-11-2021_11-50-02_PM.png,0
129_23-11-2021_11-50-02_PM.png,0
130_23-11-2021_11-50-02_PM.png,0
131_24-11-2021_01-12-22_PM.png,0
132_24-11-2021_01-12-22_PM.png,1
133_24-11-2021_01-12-22_PM.png,0
134_24-11-2021_01-12-22_PM.png,0
135_24-11-2021_01-12-22_PM.png,0
136_24-11-2021_02-12-25_AM.png,0
137_24-11-2021_02-12-25_AM.png,0
138_24-11-2021_02-12-25_AM.png,1
139_24-11-2021_02-12-25_AM.png,0
140_24-11-2021_02-12-25_AM.png,0
141_24-11-2021_02-23-48_PM.png,0
142_24-11-2021_02-23-48_PM.png,0
143_24-11-2021_02-23-48_PM.png,1
144_24-11-2021_02-23-48_PM.png,0
145_24-11-2021_02-23-48_PM.png,0
146_24-11-2021_02-30-45_AM.png,0
147_24-11-2021_02-30-45_AM.png,0
148_24-11-2021_02-30-45_AM.png,0
149_24-11-2021_02-30-45_AM.png,0
150_24-11-2021_02-30-45_AM.png,1
151_24-11-2021_03-17-00_PM.png,0
152_24-11-2021_03-17-00_PM.png,1
153_24-11-2021_03-17-00_PM.png,0
154_24-11-2021_03-17-00_PM.png,0
155_24-11-2021_03-17-00_PM.png,0
156_24-11-2021_03-41-55_AM.png,0
157_24-11-2021_03-41-55_AM.png,1
158_24-11-2021_03-41-55_AM.png,0
159_24-11-2021_03-41-55_AM.png,0
160_24-11-2021_03-41-55_AM.png,0
161_24-11-2021_03-59-45_AM.png,0
162_24-11-2021_03-59-45_AM.png,1
163_24-11-2021_03-59-45_AM.png,0
164_24-11-2021_03-59-45_AM.png,0
165_24-11-2021_03-59-45_AM.png,0
166_24-11-2021_04-28-18_PM.png,1
167_24-11-2021_04-28-18_PM.png,0
168_24-11-2021_04-28-18_PM.png,0
169_24-11-2021_04-28-18_PM.png,0
170_24-11-2021_04-28-18_PM.png,0
171_24-11-2021_04-35-30_AM.png,1
172_24-11-2021_04-35-30_AM.png,0
173_24-11-2021_04-35-30_AM.png,0
174_24-11-2021_04-35-30_AM.png,0
175_24-11-2021_04-35-30_AM.png,0
176_24-11-2021_05-11-12_AM.png,1
177_24-11-2021_05-11-12_AM.png,0
178_24-11-2021_05-11-12_AM.png,0
179_24-11-2021_05-11-12_AM.png,0
180_24-11-2021_05-11-12_AM.png,1
181_24-11-2021_05-29-05_AM.png,0
182_24-11-2021_05-29-05_AM.png,1
183_24-11-2021_05-29-05_AM.png,1
184_24-11-2021_05-29-05_AM.png,0
185_24-11-2021_05-29-05_AM.png,0
186_24-11-2021_05-57-10_PM.png,1
187_24-11-2021_05-57-10_PM.png,0
188_24-11-2021_05-57-10_PM.png,0
189_24-11-2021_05-57-10_PM.png,1
190_24-11-2021_05-57-10_PM.png,0
191_24-11-2021_06-22-30_AM.png,0
192_24-11-2021_06-22-30_AM.png,1
193_24-11-2021_06-22-30_AM.png,0
194_24-11-2021_06-22-30_AM.png,1
195_24-11-2021_06-22-30_AM.png,0
196_24-11-2021_09-30-53_PM.png,0
197_24-11-2021_09-30-53_PM.png,1
198_24-11-2021_09-30-53_PM.png,1
199_24-11-2021_09-30-53_PM.png,0
200_24-11-2021_09-30-53_PM.png,0
201_24-11-2021_09-38-37_AM.png,0
202_24-11-2021_09-38-37_AM.png,1
203_24-11-2021_09-38-37_AM.png,0
204_24-11-2021_09-38-37_AM.png,0
205_24-11-2021_09-38-37_AM.png,0
206_24-11-2021_10-42-18_PM.png,0
207_24-11-2021_10-42-18_PM.png,0
208_24-11-2021_10-42-18_PM.png,0
209_24-11-2021_10-42-18_PM.png,1
210_24-11-2021_10-42-18_PM.png,1
211_24-11-2021_11-07-35_AM.png,0
212_24-11-2021_11-07-35_AM.png,0
213_24-11-2021_11-07-35_AM.png,0
214_24-11-2021_11-25-25_AM.png,0
215_24-11-2021_11-25-25_AM.png,0
216_24-11-2021_11-25-25_AM.png,0
217_24-11-2021_11-25-25_AM.png,0
218_24-11-2021_11-25-25_AM.png,0
219_24-11-2021_11-43-15_AM.png,0
220_24-11-2021_11-43-15_AM.png,0
221_24-11-2021_11-43-15_AM.png,0
222_24-11-2021_11-43-15_AM.png,0
223_24-11-2021_11-43-15_AM.png,0
224_24-11-2021_11-43-15_AM.png,0
225_24-11-2021_11-53-33_PM.png,0
226_24-11-2021_11-53-33_PM.png,0
227_24-11-2021_11-53-33_PM.png,0
228_24-11-2021_11-53-33_PM.png,0
229_24-11-2021_11-53-33_PM.png,0
230_24-11-2021_12-01-08_PM.png,0
231_24-11-2021_12-01-08_PM.png,0
232_24-11-2021_12-01-08_PM.png,0
233_24-11-2021_12-01-08_PM.png,0
234_24-11-2021_12-01-08_PM.png,0
235_24-11-2021_12-54-37_PM.png,0
236_24-11-2021_12-54-37_PM.png,0
237_24-11-2021_12-54-37_PM.png,0
238_24-11-2021_12-54-37_PM.png,0
239_24-11-2021_12-54-37_PM.png,0
240_25-11-2021_01-22-55_AM.png,0
241_25-11-2021_01-22-55_AM.png,0
242_25-11-2021_01-22-55_AM.png,0
243_25-11-2021_01-22-55_AM.png,0
244_25-11-2021_01-22-55_AM.png,1
245_25-11-2021_02-12-03_PM.png,0
246_25-11-2021_02-12-03_PM.png,0
247_25-11-2021_02-12-03_PM.png,0
248_25-11-2021_02-12-03_PM.png,1
249_25-11-2021_02-12-03_PM.png,0
250_25-11-2021_02-16-20_AM.png,1
251_25-11-2021_02-16-20_AM.png,0
252_25-11-2021_02-16-20_AM.png,0
253_25-11-2021_02-16-20_AM.png,0
254_25-11-2021_02-16-20_AM.png,0
255_25-11-2021_02-29-53_PM.png,1
256_25-11-2021_02-29-53_PM.png,0
257_25-11-2021_02-29-53_PM.png,0
258_25-11-2021_02-29-53_PM.png,0
259_25-11-2021_02-29-53_PM.png,0
260_25-11-2021_04-03-23_AM.png,0
261_25-11-2021_04-03-23_AM.png,0
262_25-11-2021_04-03-23_AM.png,1
263_25-11-2021_04-03-23_AM.png,0
264_25-11-2021_04-03-23_AM.png,0
265_25-11-2021_04-33-18_PM.png,0
266_25-11-2021_04-33-18_PM.png,0
267_25-11-2021_04-33-18_PM.png,1
268_25-11-2021_04-33-18_PM.png,1
269_25-11-2021_04-33-18_PM.png,0
270_25-11-2021_04-39-03_AM.png,0
271_25-11-2021_04-39-03_AM.png,0
272_25-11-2021_04-39-03_AM.png,0
273_25-11-2021_04-39-03_AM.png,0
274_25-11-2021_04-39-03_AM.png,1
275_25-11-2021_07-32-11_PM.png,0
276_25-11-2021_07-32-11_PM.png,0
277_25-11-2021_07-32-11_PM.png,0
278_25-11-2021_07-32-11_PM.png,1
279_25-11-2021_07-32-11_PM.png,1
280_25-11-2021_07-38-10_AM.png,0
281_25-11-2021_07-38-10_AM.png,0
282_25-11-2021_07-38-10_AM.png,0
283_25-11-2021_07-38-10_AM.png,0
284_25-11-2021_07-38-10_AM.png,0
285_25-11-2021_10-19-36_AM.png,0
286_25-11-2021_10-19-36_AM.png,0
287_25-11-2021_10-19-36_AM.png,0
288_25-11-2021_10-19-36_AM.png,0
289_25-11-2021_10-19-36_AM.png,0
290_25-11-2021_10-31-16_PM.png,0
291_25-11-2021_10-31-16_PM.png,0
292_25-11-2021_10-31-16_PM.png,1
293_25-11-2021_10-31-16_PM.png,1
294_25-11-2021_10-31-16_PM.png,0
295_26-11-2021_01-07-07_PM.png,0
296_26-11-2021_01-07-07_PM.png,0
297_26-11-2021_01-07-07_PM.png,0
298_26-11-2021_01-07-07_PM.png,0
299_26-11-2021_01-07-07_PM.png,0
300_26-11-2021_01-30-01_AM.png,1
301_26-11-2021_01-30-01_AM.png,0
302_26-11-2021_01-30-01_AM.png,1
303_26-11-2021_01-30-01_AM.png,0
304_26-11-2021_01-30-01_AM.png,0
305_26-11-2021_01-47-51_AM.png,0
306_26-11-2021_01-47-51_AM.png,0
307_26-11-2021_01-47-51_AM.png,1
308_26-11-2021_01-47-51_AM.png,0
309_26-11-2021_01-47-51_AM.png,0
310_26-11-2021_02-23-36_AM.png,1
311_26-11-2021_02-23-36_AM.png,0
312_26-11-2021_02-23-36_AM.png,0
313_26-11-2021_02-23-36_AM.png,0
314_26-11-2021_02-23-36_AM.png,0
315_26-11-2021_02-41-29_AM.png,1
316_26-11-2021_02-41-29_AM.png,0
317_26-11-2021_02-41-29_AM.png,1
318_26-11-2021_02-41-29_AM.png,0
319_26-11-2021_02-41-29_AM.png,0
320_26-11-2021_05-40-09_AM.png,1
321_26-11-2021_05-40-09_AM.png,1
322_26-11-2021_05-40-09_AM.png,0
323_26-11-2021_05-40-09_AM.png,0
324_26-11-2021_05-40-09_AM.png,0
325_26-11-2021_05-58-11_AM.png,1
326_26-11-2021_05-58-11_AM.png,1
327_26-11-2021_05-58-11_AM.png,0
328_26-11-2021_05-58-11_AM.png,0
329_26-11-2021_05-58-11_AM.png,0
330_26-11-2021_10-27-04_AM.png,0
331_26-11-2021_10-27-04_AM.png,0
332_26-11-2021_10-27-04_AM.png,0
333_26-11-2021_10-27-04_AM.png,0
334_26-11-2021_10-27-04_AM.png,0
335_26-11-2021_10-45-06_AM.png,0
336_26-11-2021_10-45-06_AM.png,0
337_26-11-2021_10-45-06_AM.png,0
338_26-11-2021_10-45-06_AM.png,0
339_26-11-2021_10-45-06_AM.png,0
340_26-11-2021_12-24-04_PM.png,0
341_26-11-2021_12-24-04_PM.png,0
342_26-11-2021_12-24-04_PM.png,0
343_26-11-2021_12-24-04_PM.png,0
344_26-11-2021_12-24-04_PM.png,0
345_26-11-2021_12-54-24_AM.png,0
346_26-11-2021_12-54-24_AM.png,0
347_26-11-2021_12-54-24_AM.png,1
348_26-11-2021_12-54-24_AM.png,0
349_26-11-2021_12-54-24_AM.png,1
350_23-11-2021_02-19-10_PM.png,0
351_23-11-2021_02-19-10_PM.png,0
352_23-11-2021_02-19-10_PM.png,0
353_23-11-2021_03-30-37_PM.png,0
354_23-11-2021_03-30-37_PM.png,0
355_23-11-2021_03-30-37_PM.png,0
356_23-11-2021_05-53-42_PM.png,0
357_23-11-2021_05-53-42_PM.png,0
358_23-11-2021_05-53-42_PM.png,0
359_23-11-2021_07-23-00_PM.png,0
360_23-11-2021_07-23-00_PM.png,0
361_23-11-2021_07-23-00_PM.png,0
362_23-11-2021_07-40-57_PM.png,0
363_23-11-2021_07-40-57_PM.png,0
364_23-11-2021_07-40-57_PM.png,0
365_23-11-2021_08-34-22_PM.png,0
366_23-11-2021_08-34-22_PM.png,0
367_23-11-2021_08-34-22_PM.png,0
368_23-11-2021_09-27-57_PM.png,0
369_23-11-2021_09-27-57_PM.png,0
370_23-11-2021_09-27-57_PM.png,0
371_23-11-2021_10-39-10_PM.png,0
372_23-11-2021_10-39-10_PM.png,0
373_23-11-2021_10-39-10_PM.png,0
374_24-11-2021_01-12-47_PM.png,0
375_24-11-2021_01-12-47_PM.png,0
376_24-11-2021_01-12-47_PM.png,0
377_24-11-2021_01-48-30_PM.png,0
378_24-11-2021_01-48-30_PM.png,0
379_24-11-2021_01-48-30_PM.png,0
380_24-11-2021_02-12-50_AM.png,0
381_24-11-2021_02-12-50_AM.png,0
382_24-11-2021_02-12-50_AM.png,0
383_24-11-2021_03-24-27_AM.png,0
384_24-11-2021_03-24-27_AM.png,0
385_24-11-2021_03-24-27_AM.png,0
386_24-11-2021_03-42-20_AM.png,0
387_24-11-2021_03-42-20_AM.png,0
388_24-11-2021_03-42-20_AM.png,0
389_24-11-2021_04-00-10_AM.png,0
390_24-11-2021_04-00-10_AM.png,0
391_24-11-2021_04-00-10_AM.png,0
392_24-11-2021_04-18-00_AM.png,0
393_24-11-2021_04-18-00_AM.png,0
394_24-11-2021_04-18-00_AM.png,0
395_24-11-2021_05-22-02_PM.png,0
396_24-11-2021_05-22-02_PM.png,0
397_24-11-2021_05-22-02_PM.png,0
398_24-11-2021_05-29-30_AM.png,0
399_24-11-2021_05-29-30_AM.png,0
400_24-11-2021_05-29-30_AM.png,0
401_24-11-2021_06-05-10_AM.png,0
402_24-11-2021_06-05-10_AM.png,0
403_24-11-2021_06-05-10_AM.png,0
404_24-11-2021_07-16-30_AM.png,0
405_24-11-2021_07-16-30_AM.png,0
406_24-11-2021_07-16-30_AM.png,0
407_24-11-2021_07-52-07_AM.png,0
408_24-11-2021_07-52-07_AM.png,0
409_24-11-2021_07-52-07_AM.png,0
410_24-11-2021_08-20-00_PM.png,0
411_24-11-2021_08-20-00_PM.png,0
412_24-11-2021_08-20-00_PM.png,0
413_24-11-2021_09-03-22_AM.png,0
414_24-11-2021_09-03-22_AM.png,0
415_24-11-2021_09-03-22_AM.png,0
416_24-11-2021_09-39-02_AM.png,0
417_24-11-2021_09-39-02_AM.png,0
418_24-11-2021_09-39-02_AM.png,0
419_24-11-2021_10-14-40_AM.png,0
420_24-11-2021_10-14-40_AM.png,0
421_24-11-2021_10-14-40_AM.png,0
422_24-11-2021_10-50-20_AM.png,0
423_24-11-2021_10-50-20_AM.png,0
424_24-11-2021_10-50-20_AM.png,0
425_24-11-2021_12-01-32_PM.png,0
426_24-11-2021_12-01-32_PM.png,0
427_24-11-2021_12-01-32_PM.png,1
428_24-11-2021_12-37-12_PM.png,1
429_24-11-2021_12-37-12_PM.png,0
430_24-11-2021_12-37-12_PM.png,0
431_25-11-2021_01-58-57_AM.png,0
432_25-11-2021_01-58-57_AM.png,0
433_25-11-2021_01-58-57_AM.png,0
434_25-11-2021_02-52-29_AM.png,0
435_25-11-2021_02-52-29_AM.png,0
436_25-11-2021_02-52-29_AM.png,0
437_25-11-2021_03-45-55_AM.png,0
438_25-11-2021_03-45-55_AM.png,0
439_25-11-2021_03-45-55_AM.png,0
440_25-11-2021_04-03-49_AM.png,0
441_25-11-2021_04-03-49_AM.png,0
442_25-11-2021_04-03-49_AM.png,0
443_25-11-2021_04-21-39_AM.png,0
444_25-11-2021_04-21-39_AM.png,0
445_25-11-2021_04-21-39_AM.png,0
446_25-11-2021_06-08-59_AM.png,0
447_25-11-2021_06-08-59_AM.png,0
448_25-11-2021_06-08-59_AM.png,0
449_25-11-2021_06-44-59_AM.png,0
450_25-11-2021_06-44-59_AM.png,0
451_25-11-2021_06-44-59_AM.png,0
452_25-11-2021_07-02-49_AM.png,0
453_25-11-2021_07-02-49_AM.png,0
454_25-11-2021_07-02-49_AM.png,1
455_25-11-2021_07-20-49_AM.png,0
456_25-11-2021_07-20-49_AM.png,0
457_25-11-2021_07-20-49_AM.png,0
458_25-11-2021_08-26-22_PM.png,0
459_25-11-2021_08-26-22_PM.png,0
460_25-11-2021_08-26-22_PM.png,0
461_25-11-2021_08-50-12_AM.png,1
462_25-11-2021_08-50-12_AM.png,0
463_25-11-2021_08-50-12_AM.png,0
464_25-11-2021_10-20-02_AM.png,1
465_25-11-2021_10-20-02_AM.png,0
466_25-11-2021_10-20-02_AM.png,0
467_25-11-2021_10-31-42_PM.png,0
468_25-11-2021_10-31-42_PM.png,0
469_25-11-2021_10-31-42_PM.png,0
470_25-11-2021_11-13-42_AM.png,0
471_25-11-2021_11-13-42_AM.png,1
472_25-11-2021_11-13-42_AM.png,0
473_26-11-2021_01-30-27_AM.png,0
474_26-11-2021_01-30-27_AM.png,0
475_26-11-2021_01-30-27_AM.png,0
476_26-11-2021_03-35-39_AM.png,0
477_26-11-2021_03-35-39_AM.png,0
478_26-11-2021_03-35-39_AM.png,0
479_26-11-2021_04-11-09_AM.png,0
480_26-11-2021_04-11-09_AM.png,0
481_26-11-2021_04-11-09_AM.png,0
482_26-11-2021_05-40-34_AM.png,0
483_26-11-2021_05-40-34_AM.png,0
484_26-11-2021_05-40-34_AM.png,0
485_26-11-2021_06-34-29_AM.png,0
486_26-11-2021_06-34-29_AM.png,0
487_26-11-2021_06-34-29_AM.png,0
488_26-11-2021_07-10-24_AM.png,0
489_26-11-2021_07-10-24_AM.png,0
490_26-11-2021_07-10-24_AM.png,0
491_26-11-2021_08-04-04_AM.png,0
492_26-11-2021_08-04-04_AM.png,0
493_26-11-2021_08-04-04_AM.png,0
494_26-11-2021_10-09-29_AM.png,0
495_26-11-2021_10-09-29_AM.png,0
496_26-11-2021_10-09-29_AM.png,0
497_26-11-2021_12-37-02_AM.png,0
498_26-11-2021_12-37-02_AM.png,0
499_26-11-2021_12-37-02_AM.png,0
500_23-11-2021_02-19-12_PM.png,0
501_23-11-2021_02-19-12_PM.png,0
502_23-11-2021_02-19-12_PM.png,0
503_23-11-2021_02-19-12_PM.png,0
504_23-11-2021_04-06-20_PM.png,0
505_23-11-2021_04-06-20_PM.png,0
506_23-11-2021_04-06-20_PM.png,0
507_23-11-2021_04-06-20_PM.png,0
508_23-11-2021_05-35-45_PM.png,1
509_23-11-2021_05-35-45_PM.png,0
510_23-11-2021_05-35-45_PM.png,0
511_23-11-2021_05-35-45_PM.png,0
512_23-11-2021_07-40-59_PM.png,0
513_23-11-2021_07-40-59_PM.png,0
514_23-11-2021_07-40-59_PM.png,0
515_23-11-2021_07-40-59_PM.png,1
516_23-11-2021_09-09-59_PM.png,1
517_23-11-2021_09-09-59_PM.png,0
518_23-11-2021_09-09-59_PM.png,0
519_23-11-2021_09-09-59_PM.png,0
520_23-11-2021_11-50-29_PM.png,0
521_23-11-2021_11-50-29_PM.png,0
522_23-11-2021_11-50-29_PM.png,0
523_23-11-2021_11-50-29_PM.png,1
524_24-11-2021_01-37-12_AM.png,0
525_24-11-2021_01-37-12_AM.png,0
526_24-11-2021_01-37-12_AM.png,0
527_24-11-2021_01-37-12_AM.png,1
528_24-11-2021_02-48-54_AM.png,0
529_24-11-2021_02-48-54_AM.png,0
530_24-11-2021_02-48-54_AM.png,0
531_24-11-2021_02-48-54_AM.png,1
532_24-11-2021_03-35-24_PM.png,0
533_24-11-2021_03-35-24_PM.png,0
534_24-11-2021_03-35-24_PM.png,0
535_24-11-2021_03-35-24_PM.png,0
536_24-11-2021_04-00-14_AM.png,0
537_24-11-2021_04-00-14_AM.png,0
538_24-11-2021_04-00-14_AM.png,1
539_24-11-2021_04-00-14_AM.png,0
540_24-11-2021_04-18-04_AM.png,0
541_24-11-2021_04-18-04_AM.png,0
542_24-11-2021_04-18-04_AM.png,1
543_24-11-2021_04-18-04_AM.png,0
544_24-11-2021_04-35-59_AM.png,1
545_24-11-2021_04-35-59_AM.png,0
546_24-11-2021_04-35-59_AM.png,0
547_24-11-2021_04-35-59_AM.png,0
548_24-11-2021_05-29-32_AM.png,0
549_24-11-2021_05-29-32_AM.png,1
550_24-11-2021_05-29-32_AM.png,0
551_24-11-2021_05-29-32_AM.png,0
552_24-11-2021_06-05-12_AM.png,0
553_24-11-2021_06-05-12_AM.png,1
554_24-11-2021_06-05-12_AM.png,0
555_24-11-2021_06-05-12_AM.png,0
556_24-11-2021_06-40-49_AM.png,0
557_24-11-2021_06-40-49_AM.png,0
558_24-11-2021_06-40-49_AM.png,1
559_24-11-2021_06-40-49_AM.png,0
560_24-11-2021_07-16-32_AM.png,0
561_24-11-2021_07-16-32_AM.png,0
562_24-11-2021_07-16-32_AM.png,1
563_24-11-2021_07-16-32_AM.png,0
564_24-11-2021_08-45-42_AM.png,0
565_24-11-2021_08-45-42_AM.png,0
566_24-11-2021_08-45-42_AM.png,1
567_24-11-2021_08-45-42_AM.png,0
568_24-11-2021_09-21-14_AM.png,0
569_24-11-2021_09-21-14_AM.png,1
570_24-11-2021_09-21-14_AM.png,0
571_24-11-2021_09-21-14_AM.png,0
572_24-11-2021_09-39-07_AM.png,0
573_24-11-2021_09-39-07_AM.png,1
574_24-11-2021_09-39-07_AM.png,0
575_24-11-2021_09-39-07_AM.png,0
576_24-11-2021_09-56-54_AM.png,0
577_24-11-2021_09-56-54_AM.png,1
578_24-11-2021_09-56-54_AM.png,0
579_24-11-2021_09-56-54_AM.png,0
580_24-11-2021_10-32-34_AM.png,0
581_24-11-2021_10-32-34_AM.png,0
582_24-11-2021_10-32-34_AM.png,0
583_24-11-2021_10-32-34_AM.png,1
584_24-11-2021_10-50-24_AM.png,1
585_24-11-2021_10-50-24_AM.png,0
586_24-11-2021_10-50-24_AM.png,0
587_24-11-2021_10-50-24_AM.png,0
588_24-11-2021_12-01-36_PM.png,0
589_24-11-2021_12-01-36_PM.png,0
590_24-11-2021_12-01-36_PM.png,0
591_24-11-2021_12-01-36_PM.png,1
592_24-11-2021_12-37-16_PM.png,1
593_24-11-2021_12-37-16_PM.png,0
594_24-11-2021_12-37-16_PM.png,0
595_24-11-2021_12-37-16_PM.png,0
596_25-11-2021_01-05-39_AM.png,0
597_25-11-2021_01-05-39_AM.png,0
598_25-11-2021_01-05-39_AM.png,0
599_25-11-2021_01-05-39_AM.png,0
600_25-11-2021_01-23-23_AM.png,0
601_25-11-2021_01-23-23_AM.png,0
602_25-11-2021_01-23-23_AM.png,0
603_25-11-2021_01-23-23_AM.png,0
604_25-11-2021_01-41-13_AM.png,0
605_25-11-2021_01-41-13_AM.png,0
606_25-11-2021_01-41-13_AM.png,0
607_25-11-2021_01-41-13_AM.png,0
608_25-11-2021_02-48-16_PM.png,0
609_25-11-2021_02-48-16_PM.png,0
610_25-11-2021_02-48-16_PM.png,0
611_25-11-2021_02-48-16_PM.png,0
612_25-11-2021_02-52-33_AM.png,0
613_25-11-2021_02-52-33_AM.png,0
614_25-11-2021_02-52-33_AM.png,0
615_25-11-2021_02-52-33_AM.png,0
616_25-11-2021_03-40-16_PM.png,0
617_25-11-2021_03-40-16_PM.png,0
618_25-11-2021_03-40-16_PM.png,0
619_25-11-2021_03-40-16_PM.png,0
620_25-11-2021_04-39-33_AM.png,1
621_25-11-2021_04-39-33_AM.png,0
622_25-11-2021_04-39-33_AM.png,0
623_25-11-2021_04-39-33_AM.png,0
624_25-11-2021_05-45-33_PM.png,0
625_25-11-2021_05-45-33_PM.png,0
626_25-11-2021_05-45-33_PM.png,0
627_25-11-2021_05-45-33_PM.png,0
628_25-11-2021_06-09-03_AM.png,0
629_25-11-2021_06-09-03_AM.png,0
630_25-11-2021_06-09-03_AM.png,1
631_25-11-2021_06-09-03_AM.png,0
632_25-11-2021_06-27-03_AM.png,0
633_25-11-2021_06-27-03_AM.png,0
634_25-11-2021_06-27-03_AM.png,1
635_25-11-2021_06-27-03_AM.png,0
636_25-11-2021_08-14-28_AM.png,0
637_25-11-2021_08-14-28_AM.png,0
638_25-11-2021_08-14-28_AM.png,0
639_25-11-2021_08-14-28_AM.png,1
640_25-11-2021_08-50-16_AM.png,0
641_25-11-2021_08-50-16_AM.png,1
642_25-11-2021_08-50-16_AM.png,0
643_25-11-2021_08-50-16_AM.png,0
644_25-11-2021_09-08-16_AM.png,0
645_25-11-2021_09-08-16_AM.png,1
646_25-11-2021_09-08-16_AM.png,0
647_25-11-2021_09-08-16_AM.png,0
648_25-11-2021_09-26-16_AM.png,0
649_25-11-2021_09-26-16_AM.png,0
650_25-11-2021_09-26-16_AM.png,0
651_25-11-2021_09-26-16_AM.png,1
652_25-11-2021_10-02-11_AM.png,0
653_25-11-2021_10-02-11_AM.png,0
654_25-11-2021_10-02-11_AM.png,1
655_25-11-2021_10-02-11_AM.png,0
656_25-11-2021_10-20-06_AM.png,0
657_25-11-2021_10-20-06_AM.png,1
658_25-11-2021_10-20-06_AM.png,0
659_25-11-2021_10-20-06_AM.png,0
660_26-11-2021_01-48-20_AM.png,0
661_26-11-2021_01-48-20_AM.png,0
662_26-11-2021_01-48-20_AM.png,0
663_26-11-2021_01-48-20_AM.png,0
664_26-11-2021_02-59-50_AM.png,0
665_26-11-2021_02-59-50_AM.png,0
666_26-11-2021_02-59-50_AM.png,0
667_26-11-2021_02-59-50_AM.png,0
668_26-11-2021_03-53-28_AM.png,0
669_26-11-2021_03-53-28_AM.png,0
670_26-11-2021_03-53-28_AM.png,0
671_26-11-2021_03-53-28_AM.png,0
672_26-11-2021_05-04-43_AM.png,0
673_26-11-2021_05-04-43_AM.png,0
674_26-11-2021_05-04-43_AM.png,0
675_26-11-2021_05-04-43_AM.png,0
676_26-11-2021_06-16-43_AM.png,0
677_26-11-2021_06-16-43_AM.png,0
678_26-11-2021_06-16-43_AM.png,0
679_26-11-2021_06-16-43_AM.png,0
680_26-11-2021_07-10-28_AM.png,0
681_26-11-2021_07-10-28_AM.png,1
682_26-11-2021_07-10-28_AM.png,0
683_26-11-2021_07-10-28_AM.png,0
684_26-11-2021_08-22-03_AM.png,1
685_26-11-2021_08-22-03_AM.png,0
686_26-11-2021_08-22-03_AM.png,0
687_26-11-2021_08-22-03_AM.png,0
688_26-11-2021_09-51-28_AM.png,1
689_26-11-2021_09-51-28_AM.png,0
690_26-11-2021_09-51-28_AM.png,0
691_26-11-2021_09-51-28_AM.png,0
692_26-11-2021_10-09-32_AM.png,0
693_26-11-2021_10-09-32_AM.png,0
694_26-11-2021_10-09-32_AM.png,1
695_26-11-2021_10-09-32_AM.png,0
696_26-11-2021_12-54-55_AM.png,0
697_26-11-2021_12-54-55_AM.png,0
698_26-11-2021_12-54-55_AM.png,0
699_26-11-2021_12-54-55_AM.png,0
700_23-11-2021_02-19-15_PM.png,0
701_23-11-2021_02-19-15_PM.png,0
702_23-11-2021_02-19-15_PM.png,0
703_23-11-2021_02-19-15_PM.png,0
704_23-11-2021_02-19-15_PM.png,1
705_23-11-2021_02-19-15_PM.png,0
706_23-11-2021_02-19-15_PM.png,1
707_23-11-2021_02-37-03_PM.png,0
708_23-11-2021_02-37-03_PM.png,1
709_23-11-2021_02-37-03_PM.png,0
710_23-11-2021_02-37-03_PM.png,0
711_23-11-2021_02-37-03_PM.png,1
712_23-11-2021_02-37-03_PM.png,0
713_23-11-2021_02-37-03_PM.png,0
714_23-11-2021_06-29-33_PM.png,0
715_23-11-2021_06-29-33_PM.png,1
716_23-11-2021_06-29-33_PM.png,0
717_23-11-2021_06-29-33_PM.png,0
718_23-11-2021_06-29-33_PM.png,1
719_23-11-2021_06-29-33_PM.png,0
720_23-11-2021_06-29-33_PM.png,1
721_23-11-2021_07-05-15_PM.png,1
722_23-11-2021_07-05-15_PM.png,1
723_23-11-2021_07-05-15_PM.png,0
724_23-11-2021_07-05-15_PM.png,0
725_23-11-2021_07-05-15_PM.png,1
726_23-11-2021_07-05-15_PM.png,0
727_23-11-2021_07-05-15_PM.png,0
728_23-11-2021_08-52-15_PM.png,0
729_23-11-2021_08-52-15_PM.png,0
730_23-11-2021_08-52-15_PM.png,1
731_23-11-2021_08-52-15_PM.png,0
732_23-11-2021_08-52-15_PM.png,1
733_23-11-2021_08-52-15_PM.png,1
734_23-11-2021_08-52-15_PM.png,0
735_23-11-2021_10-21-25_PM.png,1
736_23-11-2021_10-21-25_PM.png,1
737_23-11-2021_10-21-25_PM.png,1
738_23-11-2021_10-21-25_PM.png,0
739_23-11-2021_10-21-25_PM.png,0
740_23-11-2021_10-21-25_PM.png,0
741_23-11-2021_10-21-25_PM.png,0
742_23-11-2021_11-50-33_PM.png,0
743_23-11-2021_11-50-33_PM.png,0
744_23-11-2021_11-50-33_PM.png,1
745_23-11-2021_11-50-33_PM.png,0
746_23-11-2021_11-50-33_PM.png,1
747_23-11-2021_11-50-33_PM.png,1
748_23-11-2021_11-50-33_PM.png,0
749_24-11-2021_01-30-47_PM.png,1
750_24-11-2021_01-30-47_PM.png,0
751_24-11-2021_01-30-47_PM.png,1
752_24-11-2021_01-30-47_PM.png,0
753_24-11-2021_01-30-47_PM.png,0
754_24-11-2021_01-30-47_PM.png,1
755_24-11-2021_01-30-47_PM.png,0
756_24-11-2021_01-55-05_AM.png,0
757_24-11-2021_01-55-05_AM.png,0
758_24-11-2021_01-55-05_AM.png,0
759_24-11-2021_01-55-05_AM.png,1
760_24-11-2021_01-55-05_AM.png,1
761_24-11-2021_01-55-05_AM.png,1
762_24-11-2021_01-55-05_AM.png,0
763_24-11-2021_02-31-15_AM.png,1
764_24-11-2021_02-31-15_AM.png,0
765_24-11-2021_02-31-15_AM.png,0
766_24-11-2021_02-31-15_AM.png,0
767_24-11-2021_02-31-15_AM.png,0
768_24-11-2021_02-31-15_AM.png,1
769_24-11-2021_02-31-15_AM.png,1
770_24-11-2021_03-17-31_PM.png,0
771_24-11-2021_03-17-31_PM.png,0
772_24-11-2021_03-17-31_PM.png,0
773_24-11-2021_03-17-31_PM.png,1
774_24-11-2021_03-17-31_PM.png,1
775_24-11-2021_03-17-31_PM.png,0
776_24-11-2021_03-17-31_PM.png,1
777_24-11-2021_03-35-27_PM.png,0
778_24-11-2021_03-35-27_PM.png,0
779_24-11-2021_03-35-27_PM.png,0
780_24-11-2021_03-35-27_PM.png,0
781_24-11-2021_03-35-27_PM.png,1
782_24-11-2021_03-35-27_PM.png,1
783_24-11-2021_03-35-27_PM.png,1
784_24-11-2021_04-00-17_AM.png,0
785_24-11-2021_04-00-17_AM.png,0
786_24-11-2021_04-00-17_AM.png,1
787_24-11-2021_04-00-17_AM.png,0
788_24-11-2021_04-00-17_AM.png,0
789_24-11-2021_04-00-17_AM.png,0
790_24-11-2021_04-00-17_AM.png,0
791_24-11-2021_04-53-55_AM.png,0
792_24-11-2021_04-53-55_AM.png,0
793_24-11-2021_04-53-55_AM.png,0
794_24-11-2021_04-53-55_AM.png,0
795_24-11-2021_04-53-55_AM.png,1
796_24-11-2021_04-53-55_AM.png,0
797_24-11-2021_04-53-55_AM.png,0
798_24-11-2021_05-39-55_PM.png,0
799_24-11-2021_05-39-55_PM.png,0
800_24-11-2021_05-39-55_PM.png,0
801_24-11-2021_05-39-55_PM.png,0
802_24-11-2021_05-39-55_PM.png,1
803_24-11-2021_05-39-55_PM.png,1
804_24-11-2021_05-39-55_PM.png,1
805_24-11-2021_05-57-41_PM.png,0
806_24-11-2021_05-57-41_PM.png,0
807_24-11-2021_05-57-41_PM.png,1
808_24-11-2021_05-57-41_PM.png,1
809_24-11-2021_05-57-41_PM.png,0
810_24-11-2021_05-57-41_PM.png,1
811_24-11-2021_05-57-41_PM.png,1
812_24-11-2021_06-33-17_PM.png,0
813_24-11-2021_06-33-17_PM.png,1
814_24-11-2021_06-33-17_PM.png,1
815_24-11-2021_06-33-17_PM.png,0
816_24-11-2021_06-33-17_PM.png,1
817_24-11-2021_06-33-17_PM.png,0
818_24-11-2021_06-33-17_PM.png,1
819_24-11-2021_06-51-00_PM.png,1
820_24-11-2021_06-51-00_PM.png,0
821_24-11-2021_06-51-00_PM.png,1
822_24-11-2021_06-51-00_PM.png,0
823_24-11-2021_06-51-00_PM.png,1
824_24-11-2021_06-51-00_PM.png,1
825_24-11-2021_06-51-00_PM.png,0
826_24-11-2021_07-16-35_AM.png,0
827_24-11-2021_07-16-35_AM.png,0
828_24-11-2021_07-16-35_AM.png,1
829_24-11-2021_07-16-35_AM.png,0
830_24-11-2021_07-16-35_AM.png,0
831_24-11-2021_07-16-35_AM.png,0
832_24-11-2021_07-16-35_AM.png,1
833_24-11-2021_08-02-21_PM.png,1
834_24-11-2021_08-02-21_PM.png,1
835_24-11-2021_08-02-21_PM.png,1
836_24-11-2021_08-02-21_PM.png,1
837_24-11-2021_08-02-21_PM.png,0
838_24-11-2021_08-02-21_PM.png,0
839_24-11-2021_08-02-21_PM.png,0
840_24-11-2021_08-20-07_PM.png,1
841_24-11-2021_08-20-07_PM.png,0
842_24-11-2021_08-20-07_PM.png,0
843_24-11-2021_08-20-07_PM.png,1
844_24-11-2021_08-20-07_PM.png,0
845_24-11-2021_08-20-07_PM.png,1
846_24-11-2021_08-20-07_PM.png,1
847_24-11-2021_09-03-29_AM.png,0
848_24-11-2021_09-03-29_AM.png,1
849_24-11-2021_09-03-29_AM.png,0
850_24-11-2021_09-03-29_AM.png,0
851_24-11-2021_09-03-29_AM.png,1
852_24-11-2021_09-03-29_AM.png,0
853_24-11-2021_09-03-29_AM.png,0
854_24-11-2021_09-56-57_AM.png,0
855_24-11-2021_09-56-57_AM.png,1
856_24-11-2021_09-56-57_AM.png,0
857_24-11-2021_09-56-57_AM.png,0
858_24-11-2021_09-56-57_AM.png,1
859_24-11-2021_09-56-57_AM.png,0
860_24-11-2021_09-56-57_AM.png,0
861_24-11-2021_10-50-27_AM.png,1
862_24-11-2021_10-50-27_AM.png,1
863_24-11-2021_10-50-27_AM.png,0
864_24-11-2021_10-50-27_AM.png,0
865_24-11-2021_10-50-27_AM.png,0
866_24-11-2021_10-50-27_AM.png,0
867_24-11-2021_10-50-27_AM.png,0
868_24-11-2021_11-08-07_AM.png,1
869_24-11-2021_11-08-07_AM.png,1
870_24-11-2021_11-08-07_AM.png,0
871_24-11-2021_11-08-07_AM.png,0
872_24-11-2021_11-08-07_AM.png,0
873_24-11-2021_11-08-07_AM.png,0
874_24-11-2021_11-08-07_AM.png,0
875_24-11-2021_11-43-47_AM.png,0
876_24-11-2021_11-43-47_AM.png,1
877_24-11-2021_11-43-47_AM.png,0
878_24-11-2021_11-43-47_AM.png,1
879_24-11-2021_11-43-47_AM.png,0
880_24-11-2021_11-43-47_AM.png,0
881_24-11-2021_11-43-47_AM.png,1
882_24-11-2021_12-19-29_PM.png,1
883_24-11-2021_12-19-29_PM.png,0
884_24-11-2021_12-19-29_PM.png,1
885_24-11-2021_12-19-29_PM.png,0
886_24-11-2021_12-19-29_PM.png,0
887_24-11-2021_12-19-29_PM.png,1
888_24-11-2021_12-19-29_PM.png,0
889_24-11-2021_12-55-07_PM.png,0
890_24-11-2021_12-55-07_PM.png,1
891_24-11-2021_12-55-07_PM.png,1
892_24-11-2021_12-55-07_PM.png,0
893_24-11-2021_12-55-07_PM.png,0
894_24-11-2021_12-55-07_PM.png,1
895_24-11-2021_12-55-07_PM.png,0
896_25-11-2021_01-23-27_AM.png,0
897_25-11-2021_01-23-27_AM.png,0
898_25-11-2021_01-23-27_AM.png,1
899_25-11-2021_01-23-27_AM.png,0
900_25-11-2021_01-23-27_AM.png,1
901_25-11-2021_01-23-27_AM.png,1
902_25-11-2021_01-23-27_AM.png,1
903_25-11-2021_01-54-38_PM.png,1
904_25-11-2021_01-54-38_PM.png,0
905_25-11-2021_01-54-38_PM.png,1
906_25-11-2021_01-54-38_PM.png,1
907_25-11-2021_01-54-38_PM.png,0
908_25-11-2021_01-54-38_PM.png,0
909_25-11-2021_01-54-38_PM.png,0
910_25-11-2021_02-12-38_PM.png,1
911_25-11-2021_02-12-38_PM.png,0
912_25-11-2021_02-12-38_PM.png,0
913_25-11-2021_02-12-38_PM.png,0
914_25-11-2021_02-12-38_PM.png,0
915_25-11-2021_02-12-38_PM.png,0
916_25-11-2021_02-12-38_PM.png,0
917_25-11-2021_03-10-25_AM.png,1
918_25-11-2021_03-10-25_AM.png,1
919_25-11-2021_03-10-25_AM.png,1
920_25-11-2021_03-10-25_AM.png,1
921_25-11-2021_03-10-25_AM.png,0
922_25-11-2021_03-10-25_AM.png,0
923_25-11-2021_03-10-25_AM.png,1
924_25-11-2021_03-58-10_PM.png,0
925_25-11-2021_03-58-10_PM.png,1
926_25-11-2021_03-58-10_PM.png,0
927_25-11-2021_03-58-10_PM.png,0
928_25-11-2021_03-58-10_PM.png,1
929_25-11-2021_03-58-10_PM.png,0
930_25-11-2021_03-58-10_PM.png,0
931_25-11-2021_04-21-46_AM.png,1
932_25-11-2021_04-21-46_AM.png,1
933_25-11-2021_04-21-46_AM.png,1
934_25-11-2021_04-21-46_AM.png,0
935_25-11-2021_04-21-46_AM.png,1
936_25-11-2021_04-21-46_AM.png,1
937_25-11-2021_04-21-46_AM.png,1
938_25-11-2021_04-51-48_PM.png,1
939_25-11-2021_04-51-48_PM.png,0
940_25-11-2021_04-51-48_PM.png,0
941_25-11-2021_04-51-48_PM.png,0
942_25-11-2021_04-51-48_PM.png,0
943_25-11-2021_04-51-48_PM.png,0
944_25-11-2021_04-51-48_PM.png,1
945_25-11-2021_06-39-08_PM.png,0
946_25-11-2021_06-39-08_PM.png,0
947_25-11-2021_06-39-08_PM.png,1
948_25-11-2021_06-39-08_PM.png,0
949_25-11-2021_06-39-08_PM.png,1
950_25-11-2021_06-39-08_PM.png,0
951_25-11-2021_06-39-08_PM.png,0
952_25-11-2021_08-32-26_AM.png,0
953_25-11-2021_08-32-26_AM.png,0
954_25-11-2021_08-32-26_AM.png,0
955_25-11-2021_08-32-26_AM.png,0
956_25-11-2021_08-32-26_AM.png,0
957_25-11-2021_08-32-26_AM.png,0
958_25-11-2021_08-32-26_AM.png,0
959_25-11-2021_09-20-12_PM.png,1
960_25-11-2021_09-20-12_PM.png,0
961_25-11-2021_09-20-12_PM.png,0
962_25-11-2021_09-20-12_PM.png,0
963_25-11-2021_09-20-12_PM.png,0
964_25-11-2021_09-20-12_PM.png,0
965_25-11-2021_09-20-12_PM.png,1
966_25-11-2021_09-38-06_PM.png,1
967_25-11-2021_09-38-06_PM.png,0
968_25-11-2021_09-38-06_PM.png,0
969_25-11-2021_09-38-06_PM.png,1
970_25-11-2021_09-38-06_PM.png,0
971_25-11-2021_09-38-06_PM.png,0
972_25-11-2021_09-38-06_PM.png,0
973_25-11-2021_10-20-08_AM.png,0
974_25-11-2021_10-20-08_AM.png,0
975_25-11-2021_10-20-08_AM.png,0
976_25-11-2021_10-20-08_AM.png,0
977_25-11-2021_10-20-08_AM.png,0
978_25-11-2021_10-20-08_AM.png,0
979_25-11-2021_10-20-08_AM.png,0
980_25-11-2021_11-07-48_PM.png,1
981_25-11-2021_11-07-48_PM.png,0
982_25-11-2021_11-07-48_PM.png,0
983_25-11-2021_11-07-48_PM.png,0
984_25-11-2021_11-07-48_PM.png,0
985_25-11-2021_11-07-48_PM.png,0
986_25-11-2021_11-07-48_PM.png,1
987_25-11-2021_11-13-48_AM.png,0
988_25-11-2021_11-13-48_AM.png,0
989_25-11-2021_11-13-48_AM.png,0
990_25-11-2021_11-13-48_AM.png,0
991_25-11-2021_11-13-48_AM.png,0
992_25-11-2021_11-13-48_AM.png,0
993_25-11-2021_11-13-48_AM.png,0
994_25-11-2021_12-47-47_AM.png,0
995_25-11-2021_12-47-47_AM.png,1
996_25-11-2021_12-47-47_AM.png,1
997_25-11-2021_12-47-47_AM.png,1
998_25-11-2021_12-47-47_AM.png,0
999_25-11-2021_12-47-47_AM.png,0
1000_25-11-2021_12-47-47_AM.png,1
1001_26-11-2021_03-35-44_AM.png,1
1002_26-11-2021_03-35-44_AM.png,0
1003_26-11-2021_03-35-44_AM.png,0
1004_26-11-2021_03-35-44_AM.png,1
1005_26-11-2021_03-35-44_AM.png,0
1006_26-11-2021_03-35-44_AM.png,0
1007_26-11-2021_03-35-44_AM.png,0
1008_26-11-2021_04-46-56_AM.png,0
1009_26-11-2021_04-46-56_AM.png,1
1010_26-11-2021_04-46-56_AM.png,1
1011_26-11-2021_04-46-56_AM.png,1
1012_26-11-2021_04-46-56_AM.png,0
1013_26-11-2021_04-46-56_AM.png,0
1014_26-11-2021_04-46-56_AM.png,0
1015_26-11-2021_05-04-44_AM.png,1
1016_26-11-2021_05-04-44_AM.png,0
1017_26-11-2021_05-04-44_AM.png,1
1018_26-11-2021_05-04-44_AM.png,0
1019_26-11-2021_05-04-44_AM.png,0
1020_26-11-2021_05-04-44_AM.png,1
1021_26-11-2021_05-04-44_AM.png,0
1022_26-11-2021_06-34-36_AM.png,1
1023_26-11-2021_06-34-36_AM.png,0
1024_26-11-2021_06-34-36_AM.png,1
1025_26-11-2021_06-34-36_AM.png,0
1026_26-11-2021_06-34-36_AM.png,1
1027_26-11-2021_06-34-36_AM.png,1
1028_26-11-2021_06-34-36_AM.png,0
1029_26-11-2021_08-22-04_AM.png,0
1030_26-11-2021_08-22-04_AM.png,0
1031_26-11-2021_08-22-04_AM.png,0
1032_26-11-2021_08-22-04_AM.png,0
1033_26-11-2021_08-22-04_AM.png,0
1034_26-11-2021_08-22-04_AM.png,0
1035_26-11-2021_08-22-04_AM.png,0
1036_26-11-2021_10-27-38_AM.png,0
1037_26-11-2021_10-27-38_AM.png,0
1038_26-11-2021_10-27-38_AM.png,0
1039_26-11-2021_10-27-38_AM.png,0
1040_26-11-2021_10-27-38_AM.png,0
1041_26-11-2021_10-27-38_AM.png,0
1042_26-11-2021_10-27-38_AM.png,0
1043_26-11-2021_12-46-44_PM.png,1
1044_26-11-2021_12-46-44_PM.png,0
1045_26-11-2021_12-46-44_PM.png,0
1046_26-11-2021_12-46-44_PM.png,0
1047_26-11-2021_12-46-44_PM.png,0
1048_26-11-2021_12-46-44_PM.png,0
1049_26-11-2021_12-46-44_PM.png,0
1050_23-11-2021_02-19-19_PM.png,0
1051_23-11-2021_02-19-19_PM.png,1
1052_23-11-2021_05-35-51_PM.png,1
1053_23-11-2021_05-35-51_PM.png,0
1054_23-11-2021_07-05-19_PM.png,1
1055_23-11-2021_07-05-19_PM.png,1
1056_23-11-2021_08-16-41_PM.png,1
1057_23-11-2021_08-16-41_PM.png,1
1058_23-11-2021_09-45-55_PM.png,1
1059_23-11-2021_09-45-55_PM.png,1
1060_23-11-2021_10-57-08_PM.png,1
1061_23-11-2021_10-57-08_PM.png,0
1062_24-11-2021_01-01-40_AM.png,0
1063_24-11-2021_01-01-40_AM.png,1
1064_24-11-2021_01-30-52_PM.png,0
1065_24-11-2021_01-30-52_PM.png,0
1066_24-11-2021_01-48-42_PM.png,0
1067_24-11-2021_01-48-42_PM.png,0
1068_24-11-2021_02-31-20_AM.png,1
1069_24-11-2021_02-31-20_AM.png,1
1070_24-11-2021_03-35-32_PM.png,0
1071_24-11-2021_03-35-32_PM.png,0
1072_24-11-2021_04-00-22_AM.png,1
1073_24-11-2021_04-00-22_AM.png,1
1074_24-11-2021_04-36-08_AM.png,1
1075_24-11-2021_04-36-08_AM.png,1
1076_24-11-2021_05-22-14_PM.png,0
1077_24-11-2021_05-22-14_PM.png,1
1078_24-11-2021_05-29-40_AM.png,1
1079_24-11-2021_05-29-40_AM.png,1
1080_24-11-2021_06-05-20_AM.png,1
1081_24-11-2021_06-05-20_AM.png,1
1082_24-11-2021_06-40-58_AM.png,1
1083_24-11-2021_06-40-58_AM.png,1
1084_24-11-2021_06-58-48_AM.png,0
1085_24-11-2021_06-58-48_AM.png,0
1086_24-11-2021_07-52-20_AM.png,0
1087_24-11-2021_07-52-20_AM.png,0
1088_24-11-2021_08-10-08_AM.png,0
1089_24-11-2021_08-10-08_AM.png,0
1090_24-11-2021_08-45-50_AM.png,0
1091_24-11-2021_08-45-50_AM.png,0
1092_24-11-2021_09-21-22_AM.png,0
1093_24-11-2021_09-21-22_AM.png,0
1094_24-11-2021_09-39-14_AM.png,0
1095_24-11-2021_09-39-14_AM.png,0
1096_24-11-2021_09-49-20_PM.png,0
1097_24-11-2021_09-49-20_PM.png,0
1098_24-11-2021_10-32-42_AM.png,0
1099_24-11-2021_10-32-42_AM.png,0
1100_24-11-2021_11-26-02_AM.png,0
1101_24-11-2021_11-26-02_AM.png,0
1102_24-11-2021_11-54-12_PM.png,0
1103_24-11-2021_11-54-12_PM.png,0
1104_24-11-2021_12-26-10_AM.png,0
1105_24-11-2021_12-26-10_AM.png,1
1106_24-11-2021_12-37-24_PM.png,0
1107_24-11-2021_12-37-24_PM.png,0
1108_25-11-2021_01-36-53_PM.png,0
1109_25-11-2021_01-36-53_PM.png,0
1110_25-11-2021_02-34-46_AM.png,1
1111_25-11-2021_02-34-46_AM.png,0
1112_25-11-2021_05-33-16_AM.png,0
1113_25-11-2021_05-33-16_AM.png,0
1114_25-11-2021_05-45-43_PM.png,1
1115_25-11-2021_05-45-43_PM.png,1
1116_25-11-2021_07-38-52_AM.png,0
1117_25-11-2021_07-38-52_AM.png,0
1118_25-11-2021_07-50-41_PM.png,1
1119_25-11-2021_07-50-41_PM.png,1
1120_25-11-2021_08-26-35_PM.png,1
1121_25-11-2021_08-26-35_PM.png,1
1122_25-11-2021_08-32-32_AM.png,0
1123_25-11-2021_08-32-32_AM.png,0
1124_25-11-2021_09-38-13_PM.png,1
1125_25-11-2021_09-38-13_PM.png,1
1126_25-11-2021_10-31-55_PM.png,1
1127_25-11-2021_10-31-55_PM.png,1
1128_25-11-2021_11-07-53_PM.png,1
1129_25-11-2021_11-07-53_PM.png,1
1130_25-11-2021_11-25-49_PM.png,1
1131_25-11-2021_11-25-49_PM.png,1
1132_25-11-2021_12-30-02_AM.png,0
1133_25-11-2021_12-30-02_AM.png,0
1134_26-11-2021_02-24-15_AM.png,1
1135_26-11-2021_02-24-15_AM.png,1
1136_26-11-2021_03-53-35_AM.png,1
1137_26-11-2021_03-53-35_AM.png,1
1138_26-11-2021_04-29-11_AM.png,1
1139_26-11-2021_04-29-11_AM.png,1
1140_26-11-2021_05-58-47_AM.png,1
1141_26-11-2021_05-58-47_AM.png,1
1142_26-11-2021_09-51-35_AM.png,0
1143_26-11-2021_09-51-35_AM.png,0
1144_26-11-2021_10-27-43_AM.png,0
1145_26-11-2021_10-27-43_AM.png,0
1146_26-11-2021_12-01-27_AM.png,1
1147_26-11-2021_12-01-27_AM.png,1
1148_26-11-2021_12-55-03_AM.png,1
1149_26-11-2021_12-55-03_AM.png,1
1150_23-11-2021_02-19-22_PM.png,0
1151_23-11-2021_02-19-22_PM.png,0
1152_23-11-2021_02-19-22_PM.png,0
1153_23-11-2021_02-55-02_PM.png,0
1154_23-11-2021_02-55-02_PM.png,0
1155_23-11-2021_02-55-02_PM.png,0
1156_23-11-2021_05-35-54_PM.png,0
1157_23-11-2021_05-35-54_PM.png,0
1158_23-11-2021_05-35-54_PM.png,0
1159_23-11-2021_06-29-40_PM.png,0
1160_23-11-2021_06-29-40_PM.png,0
1161_23-11-2021_06-29-40_PM.png,0
1162_23-11-2021_08-34-34_PM.png,0
1163_23-11-2021_08-34-34_PM.png,0
1164_23-11-2021_08-34-34_PM.png,0
1165_23-11-2021_09-10-10_PM.png,0
1166_23-11-2021_09-10-10_PM.png,0
1167_23-11-2021_09-10-10_PM.png,0
1168_23-11-2021_10-57-10_PM.png,0
1169_23-11-2021_10-57-10_PM.png,0
1170_23-11-2021_10-57-10_PM.png,0
1171_24-11-2021_01-19-33_AM.png,0
1172_24-11-2021_01-19-33_AM.png,0
1173_24-11-2021_01-19-33_AM.png,0
1174_24-11-2021_01-37-22_AM.png,0
1175_24-11-2021_01-37-22_AM.png,0
1176_24-11-2021_01-37-22_AM.png,0
1177_24-11-2021_02-06-35_PM.png,0
1178_24-11-2021_02-06-35_PM.png,0
1179_24-11-2021_02-06-35_PM.png,0
1180_24-11-2021_04-00-25_AM.png,0
1181_24-11-2021_04-00-25_AM.png,0
1182_24-11-2021_04-00-25_AM.png,0
1183_24-11-2021_04-54-02_AM.png,0
1184_24-11-2021_04-54-02_AM.png,0
1185_24-11-2021_04-54-02_AM.png,0
1186_24-11-2021_05-11-53_AM.png,1
1187_24-11-2021_05-11-53_AM.png,0
1188_24-11-2021_05-11-53_AM.png,0
1189_24-11-2021_05-47-35_AM.png,0
1190_24-11-2021_05-47-35_AM.png,1
1191_24-11-2021_06-23-13_AM.png,1
1192_24-11-2021_06-23-13_AM.png,0
1193_24-11-2021_06-23-13_AM.png,1
1194_24-11-2021_07-16-42_AM.png,0
1195_24-11-2021_07-16-42_AM.png,0
1196_24-11-2021_07-16-42_AM.png,0
1197_24-11-2021_07-34-33_AM.png,0
1198_24-11-2021_07-34-33_AM.png,0
1199_24-11-2021_07-34-33_AM.png,0
1200_24-11-2021_07-44-37_PM.png,0
1201_24-11-2021_07-44-37_PM.png,0
1202_24-11-2021_07-44-37_PM.png,1
1203_24-11-2021_08-28-05_AM.png,0
1204_24-11-2021_08-28-05_AM.png,0
1205_24-11-2021_08-28-05_AM.png,0
1206_24-11-2021_09-39-17_AM.png,0
1207_24-11-2021_09-39-17_AM.png,0
1208_24-11-2021_09-39-17_AM.png,0
1209_24-11-2021_09-57-05_AM.png,0
1210_24-11-2021_09-57-05_AM.png,0
1211_24-11-2021_09-57-05_AM.png,0
1212_24-11-2021_11-26-05_AM.png,0
1213_24-11-2021_11-26-05_AM.png,0
1214_24-11-2021_11-26-05_AM.png,0
1215_24-11-2021_12-19-37_PM.png,0
1216_24-11-2021_12-19-37_PM.png,0
1217_24-11-2021_12-19-37_PM.png,0
1218_24-11-2021_12-37-27_PM.png,0
1219_24-11-2021_12-37-27_PM.png,0
1220_24-11-2021_12-37-27_PM.png,0
1221_25-11-2021_02-30-37_PM.png,0
1222_25-11-2021_02-30-37_PM.png,0
1223_25-11-2021_02-30-37_PM.png,0
1224_25-11-2021_02-48-27_PM.png,0
1225_25-11-2021_02-48-27_PM.png,0
1226_25-11-2021_02-48-27_PM.png,0
1227_25-11-2021_03-22-37_PM.png,0
1228_25-11-2021_03-22-37_PM.png,0
1229_25-11-2021_03-22-37_PM.png,0
1230_25-11-2021_03-58-19_PM.png,0
1231_25-11-2021_03-58-19_PM.png,0
1232_25-11-2021_03-58-19_PM.png,0
1233_25-11-2021_04-21-55_AM.png,1
1234_25-11-2021_04-21-55_AM.png,0
1235_25-11-2021_04-21-55_AM.png,1
1236_25-11-2021_04-33-59_PM.png,0
1237_25-11-2021_04-33-59_PM.png,0
1238_25-11-2021_04-33-59_PM.png,0
1239_25-11-2021_06-09-15_AM.png,0
1240_25-11-2021_06-09-15_AM.png,0
1241_25-11-2021_06-09-15_AM.png,0
1242_25-11-2021_06-27-15_AM.png,0
1243_25-11-2021_06-27-15_AM.png,0
1244_25-11-2021_06-27-15_AM.png,0
1245_25-11-2021_06-45-15_AM.png,0
1246_25-11-2021_06-45-15_AM.png,0
1247_25-11-2021_06-45-15_AM.png,0
1248_25-11-2021_07-14-57_PM.png,0
1249_25-11-2021_07-14-57_PM.png,0
1250_25-11-2021_07-14-57_PM.png,0
1251_25-11-2021_08-14-39_AM.png,0
1252_25-11-2021_08-14-39_AM.png,0
1253_25-11-2021_08-14-39_AM.png,0
1254_25-11-2021_09-26-27_AM.png,0
1255_25-11-2021_09-26-27_AM.png,0
1256_25-11-2021_09-26-27_AM.png,0
1257_25-11-2021_09-56-07_PM.png,0
1258_25-11-2021_09-56-07_PM.png,0
1259_25-11-2021_09-56-07_PM.png,0
1260_25-11-2021_10-14-05_PM.png,0
1261_25-11-2021_10-14-05_PM.png,0
1262_25-11-2021_10-14-05_PM.png,0
1263_25-11-2021_11-07-55_PM.png,0
1264_25-11-2021_11-07-55_PM.png,0
1265_25-11-2021_11-07-55_PM.png,0
1266_25-11-2021_11-13-57_AM.png,0
1267_25-11-2021_11-13-57_AM.png,0
1268_25-11-2021_11-13-57_AM.png,0
1269_26-11-2021_02-42-07_AM.png,0
1270_26-11-2021_02-42-07_AM.png,0
1271_26-11-2021_02-42-07_AM.png,0
1272_26-11-2021_03-00-01_AM.png,0
1273_26-11-2021_03-00-01_AM.png,0
1274_26-11-2021_03-00-01_AM.png,0
1275_26-11-2021_05-40-47_AM.png,1
1276_26-11-2021_05-40-47_AM.png,1
1277_26-11-2021_05-40-47_AM.png,1
1278_26-11-2021_06-34-43_AM.png,1
1279_26-11-2021_06-34-43_AM.png,1
1280_26-11-2021_06-34-43_AM.png,1
1281_26-11-2021_06-52-39_AM.png,1
1282_26-11-2021_06-52-39_AM.png,1
1283_26-11-2021_06-52-39_AM.png,1
1284_26-11-2021_07-10-37_AM.png,1
1285_26-11-2021_07-10-37_AM.png,1
1286_26-11-2021_07-10-37_AM.png,1
1287_26-11-2021_10-27-45_AM.png,0
1288_26-11-2021_10-27-45_AM.png,0
1289_26-11-2021_10-27-45_AM.png,0
1290_26-11-2021_11-42-01_AM.png,0
1291_26-11-2021_11-42-01_AM.png,0
1292_26-11-2021_11-42-01_AM.png,0
1293_26-11-2021_12-19-25_AM.png,0
1294_26-11-2021_12-19-25_AM.png,0
1295_26-11-2021_12-19-25_AM.png,0
1296_26-11-2021_12-47-01_PM.png,0
1297_26-11-2021_12-47-01_PM.png,0
1298_26-11-2021_12-47-01_PM.png,0
1299_23-11-2021_02-36-38_PM.png,1
1300_23-11-2021_02-36-38_PM.png,1
1301_23-11-2021_03-12-25_PM.png,1
1302_23-11-2021_03-12-25_PM.png,1
1303_23-11-2021_03-48-10_PM.png,1
1304_23-11-2021_03-48-10_PM.png,1
1305_23-11-2021_05-17-28_PM.png,1
1306_23-11-2021_05-17-28_PM.png,1
1307_23-11-2021_05-53-23_PM.png,1
1308_23-11-2021_05-53-23_PM.png,1
1309_23-11-2021_07-58-28_PM.png,1
1310_23-11-2021_07-58-28_PM.png,1
1311_23-11-2021_08-16-13_PM.png,1
1312_23-11-2021_08-16-13_PM.png,1
1313_23-11-2021_10-03-13_PM.png,1
1314_23-11-2021_10-03-13_PM.png,1
1315_23-11-2021_10-21-01_PM.png,1
1316_23-11-2021_10-21-01_PM.png,1
1317_24-11-2021_01-12-29_PM.png,0
1318_24-11-2021_01-12-29_PM.png,0
1319_24-11-2021_01-30-21_PM.png,0
1320_24-11-2021_01-30-21_PM.png,0
1321_24-11-2021_01-36-46_AM.png,1
1322_24-11-2021_01-36-46_AM.png,1
1323_24-11-2021_02-48-33_AM.png,1
1324_24-11-2021_02-48-33_AM.png,1
1325_24-11-2021_02-59-24_PM.png,0
1326_24-11-2021_02-59-24_PM.png,0
1327_24-11-2021_03-24-06_AM.png,1
1328_24-11-2021_03-24-06_AM.png,1
1329_24-11-2021_04-35-36_AM.png,1
1330_24-11-2021_04-35-36_AM.png,1
1331_24-11-2021_05-03-51_PM.png,0
1332_24-11-2021_05-03-51_PM.png,0
1333_24-11-2021_05-11-18_AM.png,1
1334_24-11-2021_05-11-18_AM.png,1
1335_24-11-2021_06-32-51_PM.png,0
1336_24-11-2021_06-32-51_PM.png,0
1337_24-11-2021_06-40-26_AM.png,0
1338_24-11-2021_06-40-26_AM.png,0
1339_24-11-2021_07-16-08_AM.png,0
1340_24-11-2021_07-16-08_AM.png,0
1341_24-11-2021_07-26-11_PM.png,0
1342_24-11-2021_07-26-11_PM.png,0
1343_24-11-2021_08-19-41_PM.png,0
1344_24-11-2021_08-19-41_PM.png,0
1345_24-11-2021_08-27-28_AM.png,0
1346_24-11-2021_08-27-28_AM.png,0
1347_24-11-2021_09-30-59_PM.png,0
1348_24-11-2021_09-30-59_PM.png,0
1349_24-11-2021_09-38-43_AM.png,0
1350_24-11-2021_09-38-43_AM.png,0
1351_24-11-2021_09-56-28_AM.png,0
1352_24-11-2021_09-56-28_AM.png,0
1353_24-11-2021_11-18-01_PM.png,0
1354_24-11-2021_11-18-01_PM.png,0
1355_24-11-2021_11-43-21_AM.png,0
1356_24-11-2021_11-43-21_AM.png,0
1357_25-11-2021_01-05-14_AM.png,0
1358_25-11-2021_01-05-14_AM.png,0
1359_25-11-2021_01-36-17_PM.png,1
1360_25-11-2021_01-36-17_PM.png,0
1361_25-11-2021_02-29-59_PM.png,0
1362_25-11-2021_02-29-59_PM.png,1
1363_25-11-2021_02-34-14_AM.png,0
1364_25-11-2021_02-34-14_AM.png,0
1365_25-11-2021_03-45-34_AM.png,0
1366_25-11-2021_03-45-34_AM.png,0
1367_25-11-2021_04-15-29_PM.png,0
1368_25-11-2021_04-15-29_PM.png,1
1369_25-11-2021_05-50-37_AM.png,0
1370_25-11-2021_05-50-37_AM.png,0
1371_25-11-2021_06-08-37_AM.png,0
1372_25-11-2021_06-08-37_AM.png,0
1373_25-11-2021_07-20-27_AM.png,0
1374_25-11-2021_07-20-27_AM.png,0
1375_25-11-2021_07-32-17_PM.png,1
1376_25-11-2021_07-32-17_PM.png,1
1377_25-11-2021_08-49-52_AM.png,1
1378_25-11-2021_08-49-52_AM.png,0
1379_25-11-2021_09-07-52_AM.png,0
1380_25-11-2021_09-07-52_AM.png,1
1381_25-11-2021_10-55-27_AM.png,1
1382_25-11-2021_10-55-27_AM.png,0
1383_25-11-2021_11-07-20_PM.png,1
1384_25-11-2021_11-07-20_PM.png,1
1385_26-11-2021_03-53-05_AM.png,1
1386_26-11-2021_03-53-05_AM.png,0
1387_26-11-2021_04-28-37_AM.png,1
1388_26-11-2021_04-28-37_AM.png,1
1389_26-11-2021_07-10-05_AM.png,0
1390_26-11-2021_07-10-05_AM.png,0
1391_26-11-2021_07-45-55_AM.png,0
1392_26-11-2021_07-45-55_AM.png,0
1393_26-11-2021_12-02-46_PM.png,1
1394_26-11-2021_12-02-46_PM.png,0
1395_26-11-2021_12-24-18_PM.png,0
1396_26-11-2021_12-24-18_PM.png,1
1397_26-11-2021_12-36-45_AM.png,1
1398_26-11-2021_12-36-45_AM.png,1
1399_23-11-2021_02-18-54_PM.png,0
1400_23-11-2021_02-18-54_PM.png,1
1401_23-11-2021_04-05-59_PM.png,1
1402_23-11-2021_04-05-59_PM.png,0
1403_23-11-2021_04-41-39_PM.png,0
1404_23-11-2021_04-41-39_PM.png,1
1405_23-11-2021_07-40-41_PM.png,1
1406_23-11-2021_07-40-41_PM.png,0
1407_23-11-2021_09-09-41_PM.png,1
1408_23-11-2021_09-09-41_PM.png,0
1409_23-11-2021_11-32-19_PM.png,1
1410_23-11-2021_11-32-19_PM.png,0
1411_24-11-2021_01-36-49_AM.png,1
1412_24-11-2021_01-36-49_AM.png,1
1413_24-11-2021_01-48-14_PM.png,0
1414_24-11-2021_01-48-14_PM.png,0
1415_24-11-2021_02-12-34_AM.png,1
1416_24-11-2021_02-12-34_AM.png,1
1417_24-11-2021_02-30-54_AM.png,1
1418_24-11-2021_02-30-54_AM.png,1
1419_24-11-2021_03-59-54_AM.png,1
1420_24-11-2021_03-59-54_AM.png,1
1421_24-11-2021_05-47-06_AM.png,1
1422_24-11-2021_05-47-06_AM.png,1
1423_24-11-2021_06-58-19_AM.png,1
1424_24-11-2021_06-58-19_AM.png,0
1425_24-11-2021_08-01-59_PM.png,1
1426_24-11-2021_08-01-59_PM.png,0
1427_24-11-2021_08-09-39_AM.png,0
1428_24-11-2021_08-09-39_AM.png,1
1429_24-11-2021_08-45-19_AM.png,1
1430_24-11-2021_08-45-19_AM.png,0
1431_24-11-2021_10-14-21_AM.png,0
1432_24-11-2021_10-14-21_AM.png,1
1433_24-11-2021_10-32-11_AM.png,0
1434_24-11-2021_10-32-11_AM.png,0
1435_24-11-2021_11-25-34_AM.png,0
1436_24-11-2021_11-25-34_AM.png,0
1437_24-11-2021_11-43-24_AM.png,0
1438_24-11-2021_11-43-24_AM.png,0
1439_24-11-2021_12-19-06_PM.png,1
1440_24-11-2021_12-19-06_PM.png,0
1441_25-11-2021_01-36-20_PM.png,0
1442_25-11-2021_01-36-20_PM.png,0
1443_25-11-2021_01-58-39_AM.png,0
1444_25-11-2021_01-58-39_AM.png,0
1445_25-11-2021_02-30-03_PM.png,0
1446_25-11-2021_02-30-03_PM.png,0
1447_25-11-2021_04-15-33_PM.png,0
1448_25-11-2021_04-15-33_PM.png,0
1449_25-11-2021_04-57-09_AM.png,1
1450_25-11-2021_04-57-09_AM.png,0
1451_25-11-2021_05-27-13_PM.png,0
1452_25-11-2021_05-27-13_PM.png,0
1453_25-11-2021_05-50-40_AM.png,0
1454_25-11-2021_05-50-40_AM.png,0
1455_25-11-2021_06-26-43_AM.png,0
1456_25-11-2021_06-26-43_AM.png,0
1457_25-11-2021_07-32-20_PM.png,0
1458_25-11-2021_07-32-20_PM.png,0
1459_25-11-2021_07-38-20_AM.png,0
1460_25-11-2021_07-38-20_AM.png,0
1461_25-11-2021_08-32-00_AM.png,0
1462_25-11-2021_08-32-00_AM.png,0
1463_25-11-2021_09-07-55_AM.png,0
1464_25-11-2021_09-07-55_AM.png,0
1465_25-11-2021_09-25-53_AM.png,0
1466_25-11-2021_09-25-53_AM.png,0
1467_25-11-2021_10-19-45_AM.png,0
1468_25-11-2021_10-19-45_AM.png,0
1469_25-11-2021_11-13-23_AM.png,0
1470_25-11-2021_11-13-23_AM.png,0
1471_25-11-2021_12-11-39_AM.png,1
1472_25-11-2021_12-11-39_AM.png,0
1473_25-11-2021_12-29-34_AM.png,0
1474_25-11-2021_12-29-34_AM.png,0
1475_26-11-2021_01-48-00_AM.png,0
1476_26-11-2021_01-48-00_AM.png,0
1477_26-11-2021_02-23-45_AM.png,0
1478_26-11-2021_02-23-45_AM.png,0
1479_26-11-2021_04-28-40_AM.png,0
1480_26-11-2021_04-28-40_AM.png,1
1481_26-11-2021_05-22-13_AM.png,1
1482_26-11-2021_05-22-13_AM.png,0
1483_26-11-2021_05-40-18_AM.png,0
1484_26-11-2021_05-40-18_AM.png,1
1485_26-11-2021_06-52-08_AM.png,0
1486_26-11-2021_06-52-08_AM.png,0
1487_26-11-2021_06-52-08_AM.png,0
1488_26-11-2021_08-21-43_AM.png,0
1489_26-11-2021_08-21-43_AM.png,0
1490_26-11-2021_08-21-43_AM.png,0
1491_26-11-2021_09-51-06_AM.png,0
1492_26-11-2021_09-51-06_AM.png,0
1493_26-11-2021_11-12-58_AM.png,0
1494_26-11-2021_11-12-58_AM.png,0
1495_26-11-2021_11-12-58_AM.png,0
1496_26-11-2021_12-00-58_AM.png,0
1497_26-11-2021_12-00-58_AM.png,0
1498_26-11-2021_12-18-53_AM.png,0
1499_26-11-2021_12-18-53_AM.png,0
1500_26-11-2021_12-36-48_AM.png,0
1501_26-11-2021_12-36-48_AM.png,0
1502_23-11-2021_02-18-56_PM.png,0
1503_23-11-2021_02-18-56_PM.png,0
1504_23-11-2021_02-18-56_PM.png,0
1505_23-11-2021_05-17-34_PM.png,1
1506_23-11-2021_05-17-34_PM.png,0
1507_23-11-2021_05-17-34_PM.png,1
1508_23-11-2021_05-35-28_PM.png,1
1509_23-11-2021_05-35-28_PM.png,0
1510_23-11-2021_05-35-28_PM.png,1
1511_23-11-2021_08-34-08_PM.png,1
1512_23-11-2021_08-34-08_PM.png,1
1513_23-11-2021_08-34-08_PM.png,0
1514_23-11-2021_08-51-56_PM.png,1
1515_23-11-2021_08-51-56_PM.png,0
1516_23-11-2021_08-51-56_PM.png,1
1517_23-11-2021_10-21-06_PM.png,0
1518_23-11-2021_10-21-06_PM.png,1
1519_23-11-2021_10-21-06_PM.png,1
1520_23-11-2021_10-38-54_PM.png,1
1521_23-11-2021_10-38-54_PM.png,0
1522_23-11-2021_10-38-54_PM.png,1
1523_24-11-2021_02-59-28_PM.png,0
1524_24-11-2021_02-59-28_PM.png,0
1525_24-11-2021_02-59-28_PM.png,0
1526_24-11-2021_03-59-56_AM.png,1
1527_24-11-2021_03-59-56_AM.png,0
1528_24-11-2021_03-59-56_AM.png,1
1529_24-11-2021_04-10-42_PM.png,0
1530_24-11-2021_04-10-42_PM.png,0
1531_24-11-2021_04-10-42_PM.png,0
1532_24-11-2021_04-35-42_AM.png,1
1533_24-11-2021_04-35-42_AM.png,1
1534_24-11-2021_04-35-42_AM.png,1
1535_24-11-2021_04-46-14_PM.png,0
1536_24-11-2021_04-46-14_PM.png,0
1537_24-11-2021_04-46-14_PM.png,0
1538_24-11-2021_05-11-24_AM.png,1
1539_24-11-2021_05-11-24_AM.png,1
1540_24-11-2021_05-11-24_AM.png,1
1541_24-11-2021_05-47-08_AM.png,1
1542_24-11-2021_05-47-08_AM.png,1
1543_24-11-2021_05-47-08_AM.png,1
1544_24-11-2021_06-22-42_AM.png,0
1545_24-11-2021_06-22-42_AM.png,0
1546_24-11-2021_06-22-42_AM.png,0
1547_24-11-2021_06-58-22_AM.png,0
1548_24-11-2021_06-58-22_AM.png,0
1549_24-11-2021_06-58-22_AM.png,0
1550_24-11-2021_07-34-04_AM.png,0
1551_24-11-2021_07-34-04_AM.png,0
1552_24-11-2021_07-34-04_AM.png,0
1553_24-11-2021_08-27-34_AM.png,0
1554_24-11-2021_08-27-34_AM.png,0
1555_24-11-2021_08-27-34_AM.png,0
1556_24-11-2021_08-45-22_AM.png,0
1557_24-11-2021_08-45-22_AM.png,0
1558_24-11-2021_08-45-22_AM.png,0
1559_24-11-2021_09-20-56_AM.png,0
1560_24-11-2021_09-20-56_AM.png,0
1561_24-11-2021_09-20-56_AM.png,0
1562_24-11-2021_09-48-52_PM.png,0
1563_24-11-2021_09-48-52_PM.png,0
1564_24-11-2021_09-48-52_PM.png,1
1565_24-11-2021_10-50-04_AM.png,0
1566_24-11-2021_10-50-04_AM.png,0
1567_24-11-2021_10-50-04_AM.png,0
1568_24-11-2021_11-25-36_AM.png,0
1569_24-11-2021_11-25-36_AM.png,0
1570_24-11-2021_11-25-36_AM.png,0
1571_24-11-2021_11-43-26_AM.png,0
1572_24-11-2021_11-43-26_AM.png,0
1573_24-11-2021_11-43-26_AM.png,0
1574_24-11-2021_12-25-44_AM.png,1
1575_24-11-2021_12-25-44_AM.png,1
1576_24-11-2021_12-25-44_AM.png,0
1577_25-11-2021_01-18-30_PM.png,0
1578_25-11-2021_01-18-30_PM.png,0
1579_25-11-2021_01-18-30_PM.png,0
1580_25-11-2021_01-36-24_PM.png,0
1581_25-11-2021_01-36-24_PM.png,0
1582_25-11-2021_01-36-24_PM.png,0
1583_25-11-2021_02-16-32_AM.png,1
1584_25-11-2021_02-16-32_AM.png,0
1585_25-11-2021_02-16-32_AM.png,0
1586_25-11-2021_03-05-46_PM.png,0
1587_25-11-2021_03-05-46_PM.png,1
1588_25-11-2021_03-05-46_PM.png,0
1589_25-11-2021_03-27-54_AM.png,0
1590_25-11-2021_03-27-54_AM.png,0
1591_25-11-2021_03-27-54_AM.png,1
1592_25-11-2021_04-03-34_AM.png,0
1593_25-11-2021_04-03-34_AM.png,0
1594_25-11-2021_04-03-34_AM.png,1
1595_25-11-2021_05-45-14_PM.png,0
1596_25-11-2021_05-45-14_PM.png,0
1597_25-11-2021_05-45-14_PM.png,1
1598_25-11-2021_05-50-44_AM.png,0
1599_25-11-2021_05-50-44_AM.png,0
1600_25-11-2021_05-50-44_AM.png,0
1601_25-11-2021_06-26-46_AM.png,0
1602_25-11-2021_06-26-46_AM.png,0
1603_25-11-2021_06-26-46_AM.png,0
1604_25-11-2021_06-56-38_PM.png,0
1605_25-11-2021_06-56-38_PM.png,1
1606_25-11-2021_06-56-38_PM.png,0
1607_25-11-2021_07-20-34_AM.png,0
1608_25-11-2021_07-20-34_AM.png,0
1609_25-11-2021_07-20-34_AM.png,0
1610_25-11-2021_07-56-20_AM.png,0
1611_25-11-2021_07-56-20_AM.png,0
1612_25-11-2021_07-56-20_AM.png,0
1613_25-11-2021_08-26-06_PM.png,0
1614_25-11-2021_08-26-06_PM.png,0
1615_25-11-2021_08-26-06_PM.png,1
1616_25-11-2021_09-01-58_PM.png,0
1617_25-11-2021_09-01-58_PM.png,0
1618_25-11-2021_09-01-58_PM.png,1
1619_25-11-2021_10-13-34_PM.png,0
1620_25-11-2021_10-13-34_PM.png,1
1621_25-11-2021_10-13-34_PM.png,0
1622_25-11-2021_10-55-34_AM.png,0
1623_25-11-2021_10-55-34_AM.png,0
1624_25-11-2021_10-55-34_AM.png,1
1625_25-11-2021_11-25-24_PM.png,0
1626_25-11-2021_11-25-24_PM.png,1
1627_25-11-2021_11-25-24_PM.png,0
1628_26-11-2021_04-28-44_AM.png,1
1629_26-11-2021_04-28-44_AM.png,1
1630_26-11-2021_04-28-44_AM.png,1
1631_26-11-2021_05-22-16_AM.png,1
1632_26-11-2021_05-22-16_AM.png,1
1633_26-11-2021_05-22-16_AM.png,1
1634_26-11-2021_06-16-26_AM.png,0
1635_26-11-2021_06-16-26_AM.png,1
1636_26-11-2021_06-16-26_AM.png,1
1637_26-11-2021_07-10-12_AM.png,0
1638_26-11-2021_07-10-12_AM.png,0
1639_26-11-2021_07-10-12_AM.png,0
1640_26-11-2021_07-46-02_AM.png,0
1641_26-11-2021_07-46-02_AM.png,0
1642_26-11-2021_07-46-02_AM.png,0
1643_26-11-2021_08-39-38_AM.png,0
1644_26-11-2021_08-39-38_AM.png,0
1645_26-11-2021_08-39-38_AM.png,0
1646_26-11-2021_09-51-08_AM.png,0
1647_26-11-2021_09-51-08_AM.png,0
1648_26-11-2021_09-51-08_AM.png,0
1649_26-11-2021_12-36-50_AM.png,1
1650_26-11-2021_12-36-50_AM.png,0
1651_26-11-2021_12-36-50_AM.png,0
1652_23-11-2021_02-36-46_PM.png,0
1653_23-11-2021_02-54-38_PM.png,0
1654_23-11-2021_04-23-54_PM.png,0
1655_23-11-2021_06-11-27_PM.png,0
1656_23-11-2021_07-58-37_PM.png,0
1657_23-11-2021_08-51-59_PM.png,0
1658_23-11-2021_09-27-45_PM.png,0
1659_23-11-2021_09-45-31_PM.png,0
1660_23-11-2021_10-56-47_PM.png,0
1661_24-11-2021_02-24-00_PM.png,0
1662_24-11-2021_03-06-29_AM.png,0
1663_24-11-2021_03-59-59_AM.png,0
1664_24-11-2021_04-17-49_AM.png,0
1665_24-11-2021_04-35-45_AM.png,0
1666_24-11-2021_05-57-24_PM.png,0
1667_24-11-2021_06-04-57_AM.png,0
1668_24-11-2021_06-58-25_AM.png,0
1669_24-11-2021_07-08-28_PM.png,0
1670_24-11-2021_07-44-12_PM.png,0
1671_24-11-2021_07-51-55_AM.png,0
1672_24-11-2021_08-45-25_AM.png,0
1673_24-11-2021_09-13-18_PM.png,0
1674_24-11-2021_09-38-51_AM.png,0
1675_24-11-2021_10-32-17_AM.png,0
1676_24-11-2021_11-07-49_AM.png,0
1677_24-11-2021_12-19-11_PM.png,0
1678_25-11-2021_01-18-33_PM.png,0
1679_25-11-2021_01-40-56_AM.png,0
1680_25-11-2021_02-16-34_AM.png,0
1681_25-11-2021_03-22-09_PM.png,0
1682_25-11-2021_04-03-36_AM.png,0
1683_25-11-2021_04-15-39_PM.png,0
1684_25-11-2021_04-51-29_PM.png,0
1685_25-11-2021_05-45-17_PM.png,0
1686_25-11-2021_06-26-48_AM.png,0
1687_25-11-2021_07-02-36_AM.png,0
1688_25-11-2021_07-20-36_AM.png,0
1689_25-11-2021_08-08-09_PM.png,0
1690_25-11-2021_08-32-06_AM.png,0
1691_25-11-2021_09-25-58_AM.png,0
1692_25-11-2021_10-19-51_AM.png,0
1693_25-11-2021_11-07-29_PM.png,0
1694_26-11-2021_01-48-05_AM.png,0
1695_26-11-2021_03-53-13_AM.png,1
1696_26-11-2021_05-04-27_AM.png,1
1697_26-11-2021_06-52-14_AM.png,0
1698_26-11-2021_08-03-54_AM.png,0
1699_26-11-2021_08-39-40_AM.png,0
1700_26-11-2021_09-15-20_AM.png,0
1701_26-11-2021_09-33-14_AM.png,0
1702_23-11-2021_02-19-02_PM.png,0
1703_23-11-2021_02-19-02_PM.png,0
1704_23-11-2021_05-17-39_PM.png,0
1705_23-11-2021_05-17-39_PM.png,1
1706_23-11-2021_09-27-47_PM.png,1
1707_23-11-2021_09-27-47_PM.png,0
1708_23-11-2021_10-21-11_PM.png,0
1709_23-11-2021_10-21-11_PM.png,1
1710_23-11-2021_11-32-27_PM.png,0
1711_23-11-2021_11-32-27_PM.png,1
1712_24-11-2021_02-24-01_PM.png,0
1713_24-11-2021_02-24-01_PM.png,1
1714_24-11-2021_03-06-31_AM.png,0
1715_24-11-2021_03-06-31_AM.png,1
1716_24-11-2021_04-00-01_AM.png,0
1717_24-11-2021_04-00-01_AM.png,1
1718_24-11-2021_04-10-46_PM.png,1
1719_24-11-2021_04-10-46_PM.png,0
1720_24-11-2021_04-53-39_AM.png,0
1721_24-11-2021_04-53-39_AM.png,1
1722_24-11-2021_05-11-29_AM.png,0
1723_24-11-2021_05-11-29_AM.png,1
1724_24-11-2021_05-39-37_PM.png,0
1725_24-11-2021_05-39-37_PM.png,1
1726_24-11-2021_06-04-59_AM.png,1
1727_24-11-2021_06-04-59_AM.png,1
1728_24-11-2021_07-16-19_AM.png,0
1729_24-11-2021_07-16-19_AM.png,0
1730_24-11-2021_07-51-57_AM.png,0
1731_24-11-2021_07-51-57_AM.png,0
1732_24-11-2021_08-09-47_AM.png,0
1733_24-11-2021_08-09-47_AM.png,0
1734_24-11-2021_08-27-39_AM.png,0
1735_24-11-2021_08-27-39_AM.png,0
1736_24-11-2021_09-03-13_AM.png,0
1737_24-11-2021_09-03-13_AM.png,0
1738_24-11-2021_09-56-39_AM.png,0
1739_24-11-2021_09-56-39_AM.png,0
1740_24-11-2021_10-32-19_AM.png,0
1741_24-11-2021_10-32-19_AM.png,0
1742_24-11-2021_11-07-51_AM.png,0
1743_24-11-2021_11-07-51_AM.png,0
1744_24-11-2021_11-25-41_AM.png,0
1745_24-11-2021_11-25-41_AM.png,0
1746_24-11-2021_12-01-23_PM.png,0
1747_24-11-2021_12-01-23_PM.png,0
1748_24-11-2021_12-19-13_PM.png,0
1749_24-11-2021_12-19-13_PM.png,0
1750_24-11-2021_12-37-03_PM.png,0
1751_24-11-2021_12-37-03_PM.png,0
1752_25-11-2021_02-30-12_PM.png,0
1753_25-11-2021_02-30-12_PM.png,0
1754_25-11-2021_03-05-52_PM.png,0
1755_25-11-2021_03-05-52_PM.png,0
1756_25-11-2021_04-03-40_AM.png,1
1757_25-11-2021_04-03-40_AM.png,0
1758_25-11-2021_04-39-20_AM.png,0
1759_25-11-2021_04-39-20_AM.png,1
1760_25-11-2021_04-51-32_PM.png,0
1761_25-11-2021_04-51-32_PM.png,0
1762_25-11-2021_05-32-56_AM.png,0
1763_25-11-2021_05-32-56_AM.png,0
1764_25-11-2021_06-21-04_PM.png,0
1765_25-11-2021_06-21-04_PM.png,0
1766_25-11-2021_06-44-50_AM.png,0
1767_25-11-2021_06-44-50_AM.png,0
1768_25-11-2021_07-14-32_PM.png,0
1769_25-11-2021_07-14-32_PM.png,0
1770_25-11-2021_08-08-12_PM.png,0
1771_25-11-2021_08-08-12_PM.png,0
1772_25-11-2021_08-26-12_PM.png,0
1773_25-11-2021_08-26-12_PM.png,0
1774_25-11-2021_08-50-04_AM.png,0
1775_25-11-2021_08-50-04_AM.png,0
1776_25-11-2021_10-01-58_AM.png,0
1777_25-11-2021_10-01-58_AM.png,0
1778_25-11-2021_10-31-34_PM.png,0
1779_25-11-2021_10-31-34_PM.png,0
1780_25-11-2021_11-13-32_AM.png,0
1781_25-11-2021_11-13-32_AM.png,0
1782_26-11-2021_01-30-18_AM.png,0
1783_26-11-2021_01-30-18_AM.png,0
1784_26-11-2021_03-17-36_AM.png,0
1785_26-11-2021_03-17-36_AM.png,0
1786_26-11-2021_04-46-40_AM.png,1
1787_26-11-2021_04-46-40_AM.png,0
1788_26-11-2021_06-34-20_AM.png,0
1789_26-11-2021_06-34-20_AM.png,1
1790_26-11-2021_06-52-16_AM.png,0
1791_26-11-2021_06-52-16_AM.png,0
1792_26-11-2021_08-39-42_AM.png,0
1793_26-11-2021_08-39-42_AM.png,0
1794_26-11-2021_08-57-32_AM.png,0
1795_26-11-2021_08-57-32_AM.png,0
1796_26-11-2021_09-51-12_AM.png,0
1797_26-11-2021_09-51-12_AM.png,0
1798_26-11-2021_10-45-28_AM.png,0
1799_26-11-2021_10-45-28_AM.png,0
1800_26-11-2021_11-14-04_AM.png,0
1801_26-11-2021_11-14-04_AM.png,0
